macroetapa_t,0
EF finais,0.9707975281294644
EF iniciais,0.974671028567992
EM,0.9098609015581296
