source,completion_ef,completion_em
INEP (projetada),68.65990904835614,46.33601094829276
PNADC (projetada),64.38130991365115,33.81664970547165
"PNADC (observada 2019, 19-24)",88.32146011406383,68.19712436132885
