source,completion_ef,completion_em
INEP (projetada),68.65990904835614,46.33601094829276
PNADC v5 (projetada),68.80852127990111,46.95484639097106
"PNADC (observada 2019, 19-24)",88.32146011406383,68.19712436132885
