idade_bin,taxa_entrada,n
4-6 anos,0.3284911952681622,87436
7-10 anos,0.8808197857055412,8785
11-14 anos,0.8680197893335216,8373
15-17 anos,0.3932153279729225,17488
18-24 anos,0.03590115827138315,205772
